SA4_CODE_2016,P_M3_Trn_and_2_oth_Ms_15_24,P_M3_Trn_and_2_oth_Ms_25_34,P_M3_Trn_and_2_oth_Ms_35_44,P_M3_Trn_and_2_oth_Ms_45_54,P_M3_Trn_and_2_oth_Ms_55_64,P_M3_Trn_and_2_oth_Ms_65_74,P_M3_Trn_and_2_oth_Ms_75ov,P_M3_Trn_and_2_oth_Ms_Tot,P_M3_Bus2othMs_ex_tn_15_24,P_M3_Bus2othMs_ex_tn_25_34,P_M3_Bus2othMs_ex_tn_35_44,P_M3_Bus2othMs_ex_tn_45_54,P_M3_Bus2othMs_ex_tn_55_64,P_M3_Bus2othMs_ex_tn_65_74,P_M3_Bus2othMs_ex_tn_75ov,P_M3_Bus2othMs_ex_tn_Tot,P_M3_Other_M3_15_24,P_M3_Other_M3_25_34,P_M3_Other_M3_35_44,P_M3_Other_M3_45_54,P_M3_Other_M3_55_64,P_M3_Other_M3_65_74,P_M3_Other_M3_75ov,P_M3_Other_M3_Tot,P_M3_Tot_M3_15_24,P_M3_Tot_M3_25_34,P_M3_Tot_M3_35_44,P_M3_Tot_M3_45_54,P_M3_Tot_M3_55_64,P_M3_Tot_M3_65_74,P_M3_Tot_M3_75ov,P_M3_Tot_M3_Tot,P_Wkd_at_home_15_24,P_Wkd_at_home_25_34,P_Wkd_at_home_35_44,P_Wkd_at_home_45_54,P_Wkd_at_home_55_64,P_Wkd_at_home_65_74,P_Wkd_at_home_75ov,P_Wkd_at_home_Tot,P_Did_not_go_to_work_15_24,P_Did_not_go_to_work_25_34,P_Did_not_go_to_work_35_44,P_Did_not_go_to_work_45_54,P_Did_not_go_to_work_55_64,P_Did_not_go_to_work_65_74,P_Did_not_go_to_work_75ov,P_Did_not_go_to_work_Tot,P_MT_NS_15_24,P_MT_NS_25_34,P_MT_NS_35_44,P_MT_NS_45_54,P_MT_NS_55_64,P_MT_NS_65_74,P_MT_NS_75ov,P_MT_NS_Tot,P_Tot_15_24,P_Tot_25_34,P_Tot_35_44,P_Tot_45_54,P_Tot_55_64,P_Tot_65_74,P_Tot_75ov,P_Tot_Tot
101,18,14,3,0,4,0,0,41,0,3,0,0,3,0,0,7,5,7,5,4,14,0,0,33,26,16,9,9,13,0,0,76,133,453,916,1287,1571,1159,391,5911,1636,1268,1190,1423,1601,552,72,7738,205,128,153,159,158,86,52,938,10815,12254,13603,16912,14340,4399,910,73243
102,33,29,17,25,18,8,0,136,10,8,3,0,4,0,0,26,4,3,6,6,0,0,0,20,49,36,28,35,22,6,0,176,175,728,1632,1652,1389,674,117,6364,2988,2197,1966,2001,2018,564,71,11794,234,169,188,239,160,84,42,1121,17531,19123,21425,24111,18085,4010,445,104732
103,0,0,4,5,0,0,0,11,3,3,0,0,0,0,0,11,3,5,7,12,8,9,0,46,11,9,8,17,11,7,0,73,138,531,984,1241,1488,1171,435,5984,1719,1777,1432,1475,1452,515,90,8461,236,146,164,192,154,104,73,1066,11866,15658,16658,18512,14820,4586,1097,83199
104,0,0,0,0,0,0,0,3,0,0,3,0,0,0,0,6,3,4,7,0,3,0,0,14,3,4,11,3,3,0,0,22,50,241,588,725,858,434,136,3028,1049,846,820,931,1137,278,23,5089,128,77,86,112,87,46,40,564,6753,7943,9706,11729,10103,2243,363,48844
105,0,3,7,0,0,0,0,10,0,0,0,3,0,0,0,5,0,6,4,13,3,15,0,39,3,7,8,16,4,15,0,52,109,324,494,744,893,549,255,3372,742,1030,684,704,773,248,49,4226,117,93,90,114,117,59,53,637,6064,9307,8623,10064,8572,2593,666,45892
106,6,6,0,4,3,0,0,27,6,0,0,0,0,0,0,7,0,4,9,4,4,0,0,20,13,19,6,13,6,0,0,59,136,561,911,1123,1116,751,232,4837,2485,2522,2252,2017,1826,440,61,11603,203,164,176,220,159,60,52,1030,15821,21012,21564,22098,15463,3514,628,100101
107,29,23,19,13,4,3,0,96,3,8,4,5,3,0,0,20,3,8,6,8,0,0,0,23,39,31,32,29,7,6,0,146,127,583,1109,1051,826,427,76,4196,2887,2276,2032,1888,1779,427,51,11344,219,144,141,184,116,62,44,914,17612,19950,21860,23160,16060,3005,378,102028
108,0,5,0,3,0,0,0,9,0,0,0,3,0,0,0,3,3,5,7,0,0,0,0,21,5,5,11,9,3,0,0,35,101,318,730,1017,1144,834,248,4396,1597,1189,1174,1400,1599,459,60,7475,199,111,152,199,179,86,69,989,9123,10477,13213,16771,14471,3677,628,68360
109,0,0,0,5,0,0,0,9,3,0,0,0,0,0,0,3,0,3,0,9,9,0,0,19,3,6,4,10,9,0,0,26,95,298,568,760,925,523,190,3348,1120,955,771,859,932,324,52,5009,127,73,97,101,102,69,31,600,7232,8840,9329,11044,9561,2634,514,49146
110,0,4,4,4,0,0,0,10,0,0,3,3,0,0,0,3,3,5,3,4,9,6,0,30,3,9,8,9,9,6,0,46,173,495,960,1337,1634,1278,449,6330,1463,1334,1082,1121,1243,448,84,6777,202,136,160,172,176,110,68,1028,10405,13595,14114,16291,13787,4435,1070,73688
111,23,61,55,49,26,5,0,213,11,20,3,13,9,0,0,55,9,13,10,10,6,0,0,45,42,89,65,68,40,5,3,312,205,811,1445,1435,1194,535,114,5739,4198,3740,3073,2793,2693,684,92,17262,271,220,203,238,162,85,43,1234,25214,33228,33257,34452,24297,4571,570,155588
112,4,3,4,8,4,0,0,18,0,0,0,3,0,0,0,13,3,4,3,9,5,0,0,26,11,8,6,19,11,0,0,54,126,629,1535,1742,1873,987,321,7210,1824,1430,1445,1536,1866,554,57,8714,199,143,233,228,190,85,87,1161,11418,13582,17296,20424,17843,4445,779,85780
113,0,3,0,0,0,0,0,7,0,0,0,0,3,0,0,7,3,3,8,3,3,3,0,30,5,7,14,10,6,3,0,42,166,381,675,926,1031,740,278,4207,1309,1243,1001,929,984,368,43,5875,196,144,103,158,144,88,64,891,11040,13479,13177,14517,11773,3288,725,67996
114,9,3,4,5,0,0,0,26,0,0,0,0,0,0,0,3,0,4,0,3,3,0,0,12,6,8,6,5,3,0,0,34,58,307,689,858,955,647,189,3701,1371,949,863,1004,1046,389,52,5684,127,97,86,118,120,57,38,640,7940,8919,9796,11869,9803,2769,463,51563
115,38,57,29,21,9,3,0,154,10,3,3,3,0,0,0,25,3,0,3,3,0,0,0,12,48,66,38,26,10,5,0,188,215,642,1680,1845,1479,764,171,6791,2293,1167,1122,839,863,379,38,6692,123,140,132,110,94,45,22,657,14114,16257,17840,17049,11353,3405,449,80475
116,79,80,44,36,18,12,0,265,3,9,0,0,0,0,0,15,6,6,3,7,4,0,0,20,92,94,46,38,22,12,0,303,110,662,1057,829,564,194,22,3438,2013,1703,1447,1131,979,317,36,7617,230,258,193,221,144,52,17,1121,16082,23683,24665,23181,15398,3148,239,106400
117,1067,2151,1602,1012,650,122,11,6615,40,144,136,101,40,8,4,470,9,40,65,55,18,3,0,192,1119,2341,1801,1169,709,130,15,7276,357,2704,4169,3011,1719,705,122,12788,6429,11287,9922,5603,4403,1484,221,39356,826,1390,937,747,535,220,113,4770,63468,186484,149753,105160,58405,13494,1572,578345
118,165,292,176,145,110,26,0,917,18,27,9,6,11,3,0,72,3,4,6,0,0,0,0,15,188,317,186,156,123,32,0,999,220,929,1834,1827,1323,805,233,7175,1945,2037,1514,951,936,509,83,7963,169,238,135,138,95,45,28,852,13205,24882,19601,16880,12055,4453,787,91871
119,121,157,114,97,61,8,0,565,3,11,4,3,4,0,0,28,3,10,10,7,0,0,0,33,130,182,133,105,64,8,0,624,251,1070,1790,1613,1229,472,115,6537,2727,2496,2116,1696,1644,662,88,11433,299,391,295,295,208,88,22,1597,20331,33305,32405,33094,23140,5676,687,148635
120,150,238,122,126,86,15,3,743,11,13,3,14,3,0,0,41,0,4,9,10,4,0,0,30,162,252,136,144,93,20,3,812,126,734,1591,1680,1196,577,125,6030,1912,1907,1632,1272,1214,477,68,8481,208,254,168,169,112,53,27,990,13978,26214,23998,22670,15630,4167,570,107232
121,341,513,403,263,169,40,7,1727,11,25,35,16,5,8,0,100,6,9,11,12,9,0,0,50,354,543,451,294,184,47,7,1879,300,1328,3273,3682,2718,1707,462,13467,4212,3763,3245,2269,2126,1040,187,16842,321,402,335,263,206,107,59,1686,27263,54063,50279,43372,28205,9028,1425,213633
122,64,122,54,38,27,4,0,309,18,15,15,17,0,0,0,59,3,0,9,13,9,3,0,32,80,141,76,65,37,8,0,402,172,736,2180,2369,1610,945,245,8255,2187,1368,1295,1112,1080,532,93,7669,149,151,129,162,117,49,23,781,13520,17750,18755,19463,13520,4486,738,88233
123,41,28,27,19,9,4,0,129,6,3,5,3,0,0,0,15,0,4,3,3,0,0,0,11,48,33,32,23,12,4,0,161,116,560,916,824,695,248,52,3407,1962,1464,1203,1079,1045,293,43,7090,183,158,184,147,92,37,17,808,13771,16373,17128,16742,11901,2498,244,78655
124,62,36,29,37,28,3,0,196,0,0,0,0,0,0,0,3,4,7,0,6,0,0,0,13,69,41,30,40,24,3,0,218,173,731,1290,1339,1122,573,95,5321,2701,1986,1620,1550,1577,473,58,9963,189,180,154,186,124,67,24,916,17584,20265,21227,22087,16683,3963,446,102264
125,277,350,260,199,144,28,0,1265,9,9,5,11,3,0,0,49,7,9,12,5,0,3,0,37,292,377,283,213,155,37,0,1353,195,1139,1728,1323,939,345,69,5742,2960,3811,3061,2380,2227,717,73,15233,417,554,393,349,268,83,43,2123,25745,53933,51570,47384,32297,6806,616,218360
126,129,191,157,146,80,3,0,708,7,16,12,4,7,0,0,43,0,0,9,13,7,0,0,33,128,212,175,162,95,7,0,782,136,629,1331,1234,885,379,116,4703,1799,1657,1491,946,938,359,61,7260,135,178,134,127,95,41,23,736,11957,23957,25422,21419,13285,3142,425,99607
127,96,63,39,49,26,4,0,271,8,3,6,5,3,0,0,21,0,6,3,4,3,0,0,19,104,72,45,52,27,3,0,308,198,787,1141,1111,784,287,40,4353,2204,1925,1526,1312,1137,343,42,8482,332,302,286,288,200,73,25,1497,18819,28201,27657,27130,18467,3803,394,124482
128,66,58,23,9,9,3,0,168,0,0,0,0,0,0,0,3,3,0,5,0,0,0,0,15,69,63,28,10,14,5,0,191,104,488,1173,1118,897,495,88,4370,2279,1192,1044,859,980,365,51,6764,112,95,110,106,64,33,25,540,12703,12878,13395,13706,10444,2904,356,66381
197,0,0,0,0,0,0,0,0,0,0,0,0,0,0,0,0,0,0,0,0,0,0,0,0,0,0,0,0,0,0,0,0,0,3,0,0,0,0,0,3,3,0,3,7,3,0,0,21,0,0,0,0,0,0,0,3,10,17,17,24,12,3,0,86
199,142,116,93,72,45,12,4,490,5,13,7,7,0,0,0,33,8,15,7,9,10,0,0,54,161,146,107,92,60,15,3,580,125,447,613,589,453,160,44,2428,1987,2247,2255,2503,2559,972,136,12665,343,374,313,374,282,132,84,1902,19974,29922,30661,32366,23838,5925,690,143365
201,5,6,7,7,6,0,0,26,4,0,0,0,0,0,0,9,0,5,0,3,3,0,0,12,11,13,15,7,12,0,0,55,74,350,644,828,838,546,113,3398,1648,1437,1265,1159,1186,374,55,7119,167,97,99,140,107,59,36,699,9517,11262,12144,13413,10520,2586,425,59866
202,6,10,10,5,10,0,0,38,6,4,0,0,0,0,0,9,0,4,7,0,3,0,0,11,11,15,12,8,13,0,0,59,78,294,681,801,928,524,163,3460,1740,1329,1197,1200,1195,394,52,7115,146,69,89,121,100,51,32,607,9551,11478,11868,13528,10907,2594,472,60402
203,27,26,16,17,16,0,0,95,11,9,5,3,3,0,0,27,6,3,7,8,4,0,0,20,36,38,20,25,21,3,0,147,140,639,1284,1283,1137,652,141,5284,3202,2377,2291,1868,1899,572,82,12293,220,183,177,201,152,62,39,1037,17174,22041,22866,23410,17428,4017,525,107466
204,0,3,3,3,3,0,0,16,3,0,0,0,4,0,0,9,3,3,4,0,3,0,0,14,3,6,11,3,13,4,0,38,110,376,736,965,1343,1025,357,4903,1613,1292,1207,1340,1542,537,83,7607,187,125,123,148,162,96,54,897,10207,11615,12873,15476,13610,3929,812,68527
205,11,9,8,6,9,3,0,39,4,0,0,0,0,0,0,5,4,3,3,9,0,0,0,30,19,9,10,19,14,3,0,79,155,644,1075,1430,1791,1314,455,6864,2517,2250,1980,2280,2441,723,124,12297,289,163,203,240,294,129,82,1394,14241,17891,18883,22828,19778,5449,1124,100188
206,1968,4736,3625,2290,1334,236,24,14215,37,107,77,49,36,11,0,323,44,154,95,79,45,18,0,432,2052,5001,3795,2421,1416,263,23,14973,610,4035,6248,4856,3077,1474,293,20593,10484,16505,13359,7202,5706,2164,296,55713,991,1499,995,915,617,262,152,5428,76803,217874,173610,126332,72352,17296,2205,686467
207,212,300,151,93,63,25,6,852,18,8,6,10,3,3,0,55,11,12,13,6,10,0,0,54,243,326,172,103,83,28,6,954,247,906,2018,2437,1927,1160,286,8976,3698,2870,2395,1965,1813,777,133,13650,205,236,179,197,125,76,38,1055,20523,33763,29508,30186,21114,6317,916,142323
208,206,287,124,74,73,11,0,786,15,6,3,3,3,0,0,28,16,14,9,7,5,4,0,51,237,312,137,88,83,14,0,870,230,1020,2363,2788,2195,1141,250,9990,4359,2682,2310,1894,1814,765,124,13949,207,253,190,190,174,99,45,1169,23755,32883,31165,33391,23372,7016,980,152571
209,83,120,71,45,37,11,0,369,11,17,11,3,4,0,0,42,6,13,5,0,0,0,0,30,98,150,84,52,47,11,0,440,201,1032,2029,1880,1560,683,129,7514,3890,2940,2598,2108,1926,630,74,14167,290,289,261,279,197,70,27,1407,22342,31879,30351,31081,21830,5113,598,143201
210,89,115,65,31,32,8,0,334,8,5,4,4,0,0,0,33,4,10,6,11,0,0,0,39,103,131,79,45,34,5,0,404,162,793,1301,1122,804,358,65,4623,2614,2529,2327,1967,1579,415,49,11478,307,363,254,312,193,63,29,1525,18943,32341,31578,31699,19630,3816,416,138428
211,123,107,56,57,18,0,3,363,17,7,11,3,0,0,0,35,10,9,6,6,10,0,0,38,147,123,68,65,22,3,3,438,208,1109,2507,2616,2220,1140,223,10032,5094,2952,2751,2571,2478,972,119,16946,308,259,230,266,224,97,53,1437,28350,33453,35184,39363,28406,7456,936,173162
212,222,344,174,110,60,16,0,930,18,16,7,5,3,0,0,52,3,20,15,10,6,0,0,57,251,373,198,126,73,16,0,1036,356,1749,3086,2864,2085,946,262,11331,5801,5089,4457,3547,3243,1070,128,23335,521,560,498,514,330,175,100,2692,40029,68218,67963,67672,44218,9888,1182,299165
213,196,211,115,85,61,9,0,686,19,7,3,8,0,0,0,46,11,13,7,15,0,0,0,48,230,235,131,109,64,9,0,777,286,1660,2848,2145,1344,402,44,8728,4831,4122,3503,2754,2345,613,55,18226,419,558,492,453,281,100,43,2344,32065,52232,50808,47129,30141,5599,480,218458
214,15,31,11,8,9,7,0,78,10,3,0,0,0,0,0,14,3,3,4,8,3,0,0,12,31,35,16,15,14,4,0,107,147,635,1427,1545,1319,784,147,6002,2752,1771,1737,1554,1615,624,84,10140,183,150,141,174,162,80,42,930,15927,17157,18452,20766,15195,4322,575,92394
215,0,3,0,0,0,3,0,8,0,0,0,3,0,0,0,3,5,4,6,8,4,0,0,39,5,5,9,12,10,3,0,45,138,398,740,1113,1291,827,282,4778,1361,1108,902,1047,1196,453,83,6145,149,133,112,171,146,87,65,863,8786,10849,11203,13972,12275,3507,805,61396
216,0,0,0,0,0,0,0,0,0,0,0,0,0,0,0,0,0,0,3,3,3,0,0,11,0,3,3,3,3,0,0,14,115,334,569,865,904,505,186,3481,1327,1035,956,984,1069,275,44,5687,175,104,116,139,118,63,45,766,8011,9663,10419,12439,10115,2625,542,53808
217,0,3,0,0,4,0,0,10,0,0,0,0,0,0,0,3,4,0,3,3,3,0,0,16,9,4,3,5,8,0,0,23,119,367,773,1062,1295,854,301,4778,1372,1026,921,1040,1218,364,61,5995,143,85,108,144,110,74,54,712,7859,8818,9996,12501,10432,3027,701,53330
297,0,0,0,0,0,0,0,0,0,0,0,0,0,0,0,0,0,0,0,0,0,0,0,0,0,0,0,0,0,0,0,0,0,0,3,0,0,0,0,3,0,4,7,12,11,0,0,37,0,0,0,0,0,0,0,0,5,26,39,57,28,3,0,157
299,110,149,71,62,38,11,5,445,4,7,6,5,3,0,0,29,5,13,16,16,3,0,0,54,115,171,93,84,42,12,5,525,106,408,550,471,342,136,33,2041,1721,2162,1990,2112,1947,732,118,10781,271,272,242,273,185,109,44,1394,16567,27242,25210,26106,18621,4671,612,119032
301,25,15,13,4,7,0,0,74,19,8,10,8,9,0,0,58,7,12,9,15,14,0,0,60,50,39,28,28,26,3,0,187,140,545,1239,1386,1157,459,79,4998,1998,1300,1214,1190,1198,345,40,7291,117,121,94,122,80,26,18,582,13230,15989,17351,18176,12653,2855,291,80553
302,58,52,25,28,17,0,0,180,4,6,4,6,5,0,0,24,0,3,8,10,10,0,0,30,63,55,42,42,26,3,0,236,104,575,1111,970,746,312,68,3882,2571,2405,2120,2051,1704,451,51,11356,141,166,157,173,107,38,25,798,17039,24800,25231,25204,16543,3341,360,112509
303,73,87,49,70,38,3,0,317,35,24,13,9,5,0,0,87,3,5,19,7,6,0,0,38,112,113,81,87,54,3,0,441,246,1156,1847,1766,1273,568,117,6965,3532,3295,2659,2218,1967,618,74,14353,211,263,188,202,150,57,41,1107,24234,36770,34617,33083,21725,4793,505,155714
304,81,77,57,55,30,9,0,296,21,7,5,3,3,0,0,39,3,10,6,9,3,0,0,20,99,90,62,68,41,6,0,361,185,476,1166,1273,1052,592,116,4868,2243,1310,977,802,692,334,36,6391,91,66,66,57,55,18,12,369,13026,13225,11637,11370,7735,2355,290,59640
305,372,573,492,381,222,34,0,2077,78,121,106,69,30,6,0,415,12,41,32,32,17,0,0,138,467,731,636,485,268,45,0,2627,316,1576,2790,2555,1632,679,151,9704,5583,8383,6702,4520,3497,1020,114,29815,373,479,362,294,234,93,69,1899,42297,85179,77507,63165,35753,7351,809,312065
306,5,0,0,0,0,0,0,3,12,12,8,6,0,0,0,32,0,13,12,18,3,0,0,44,17,20,14,21,3,0,0,87,124,504,1031,1274,1274,755,221,5185,1761,1733,1603,1672,1532,509,73,8885,215,208,212,205,148,90,44,1122,13916,19119,21280,22870,16970,4451,683,99301
307,3,12,5,10,0,0,0,30,0,6,9,15,8,0,0,34,3,14,7,3,9,9,0,49,4,28,24,27,19,10,0,110,207,551,923,1355,1559,1163,448,6209,985,1069,962,1011,948,349,58,5389,142,83,110,131,121,99,49,736,7761,10285,10971,12645,9945,3446,890,55949
308,0,8,6,4,3,0,0,21,34,207,239,144,60,0,0,680,3,9,13,13,6,4,0,47,35,219,257,164,70,9,0,756,180,676,976,1110,1128,603,207,4881,1974,2396,2054,2097,1745,403,52,10715,187,168,183,189,131,59,35,948,14948,20420,20840,21853,14825,3122,550,96570
309,105,69,35,27,12,9,0,262,69,46,24,22,5,0,0,169,19,33,18,17,9,5,0,95,196,147,81,70,26,10,0,528,369,1961,3761,3815,3278,1735,312,15223,5266,4467,3619,3207,2994,1083,152,20792,411,413,371,354,299,129,69,2053,38795,51638,52273,50816,34817,9810,1120,239261
310,51,28,23,11,4,0,0,109,3,3,0,3,0,0,0,17,13,9,5,7,3,0,0,41,63,35,26,22,11,3,0,165,152,720,1167,1196,1080,510,150,4974,2341,2152,1743,1676,1475,408,46,9844,201,176,172,203,124,53,42,972,16916,23597,23931,24012,15580,3445,425,107904
311,30,24,8,5,6,0,0,77,18,10,0,3,0,0,0,35,4,3,3,6,5,0,0,23,56,44,13,18,15,0,0,138,188,732,1270,1252,1169,459,76,5141,2262,1821,1426,1271,1204,355,30,8370,178,183,162,148,120,43,17,852,16428,20413,20629,19797,13565,3118,294,94250
312,3,7,12,10,5,0,0,38,7,35,39,37,12,0,0,136,4,12,12,12,6,0,0,49,14,50,64,59,26,0,0,218,131,541,768,887,828,439,147,3741,1431,2346,2039,1967,1403,259,18,9472,152,147,169,202,134,49,51,896,11233,18069,17932,18358,12371,2465,409,80844
313,23,11,12,10,3,0,0,52,9,4,0,0,0,0,0,9,4,3,4,0,3,0,0,15,34,19,9,6,5,0,0,78,139,486,866,1039,987,462,87,4060,1835,1304,1115,1186,1083,330,39,6896,142,114,104,109,83,50,34,636,11653,12598,13522,14768,10012,2402,283,65244
314,30,5,9,13,0,0,0,53,7,8,0,0,0,0,0,16,4,6,3,6,0,0,0,21,39,14,12,15,0,0,0,84,107,552,1146,1135,775,336,41,4102,1601,898,896,730,634,173,8,4932,103,69,64,77,48,30,13,414,9876,10079,11126,10547,6668,1601,134,50032
315,3,0,3,0,0,0,0,9,0,4,11,13,3,0,0,32,9,8,14,13,8,3,0,49,13,14,24,22,9,3,0,86,173,379,426,640,618,338,116,2696,355,804,745,724,581,172,24,3393,100,122,104,112,105,42,21,601,4851,8439,7635,8027,5994,1539,288,36773
316,5,3,6,4,7,0,0,30,19,12,9,4,3,0,0,49,10,3,12,10,3,0,0,40,38,20,25,22,15,3,0,120,216,1124,2576,2987,2613,1272,236,11031,3164,2281,2103,2236,2191,743,72,12795,255,181,215,249,168,97,59,1223,20337,22577,27943,31460,22528,5504,634,130983
317,0,0,0,0,0,0,0,6,3,3,0,0,0,0,0,13,0,7,3,3,0,0,0,16,10,10,10,3,5,0,0,36,90,363,602,596,633,322,92,2696,1578,1380,1037,989,1035,340,40,6405,111,96,104,78,79,38,30,545,11059,13366,12862,13813,10233,2437,296,64066
318,3,3,0,6,4,0,0,15,7,8,3,13,10,0,0,38,3,23,17,18,15,0,0,75,8,32,21,37,22,0,0,125,121,429,766,864,835,428,110,3558,2325,2105,1486,1416,1296,374,49,9049,186,133,141,133,137,59,44,835,17884,21276,20214,20688,14477,3244,482,98272
319,0,0,0,0,0,0,0,3,0,0,0,4,0,0,0,10,3,10,3,6,0,3,0,26,6,5,7,14,3,3,0,36,169,528,1076,1400,1648,1031,343,6195,1883,1483,1483,1744,1857,472,69,8985,203,138,183,241,201,126,83,1175,13646,15279,18319,22069,17476,4302,823,91920
397,0,0,0,0,0,0,0,0,0,0,0,0,0,0,0,0,0,0,0,0,0,0,0,0,0,0,0,0,0,0,0,0,0,0,0,0,0,0,0,0,5,10,10,9,9,0,0,42,0,0,0,0,0,0,0,0,18,42,53,44,37,7,0,202
399,38,29,16,19,6,3,0,108,21,17,11,12,10,0,0,67,9,14,22,6,11,3,0,68,61,66,43,41,25,5,0,241,95,327,453,427,371,133,33,1834,1354,2000,2050,2226,2150,741,103,10616,176,176,201,218,163,86,47,1070,13138,21291,21752,22346,16091,3810,410,98838
401,102,135,134,89,61,11,0,526,61,72,70,41,15,4,0,266,17,44,24,23,11,0,0,123,179,249,223,158,87,21,0,912,211,854,1670,1890,1768,1126,225,7742,5042,5546,4544,3522,3302,1038,125,23119,291,326,265,301,189,103,65,1548,28383,49965,47780,46331,33158,8051,1002,214679
402,29,22,14,7,6,0,0,79,15,12,3,3,3,0,0,33,0,5,8,7,0,0,0,27,44,39,24,21,6,0,0,137,114,643,966,1130,950,406,87,4292,3112,2805,2089,1960,1799,512,45,12312,229,213,226,196,137,61,35,1088,19416,27122,26398,27814,19131,3834,402,124118
403,31,16,10,10,4,0,0,82,20,6,3,3,5,0,0,38,0,6,0,6,3,0,0,22,53,29,15,21,14,4,0,139,167,639,1257,1358,1271,771,147,5624,3170,2431,2042,1841,1915,576,63,12050,150,132,134,130,119,69,36,774,16561,19542,19862,21602,16909,4240,516,99237
404,15,19,26,15,15,3,0,89,17,10,10,3,4,0,0,44,0,6,10,10,12,0,0,36,34,37,45,31,31,3,0,173,79,403,711,772,645,318,66,3001,2488,2345,2000,1893,1696,528,57,11008,170,201,164,173,139,66,58,969,16013,26314,26206,28747,20342,4183,480,122287
405,0,0,0,0,0,0,0,0,0,3,0,0,3,0,0,8,0,5,4,3,4,0,0,15,0,5,4,3,5,0,0,17,115,347,631,893,1016,617,192,3811,908,814,683,864,961,332,54,4618,81,71,68,89,85,61,49,497,5389,6772,7609,9680,8514,2462,530,40953
406,0,7,6,3,0,0,0,12,3,5,6,6,0,0,0,20,3,8,9,12,10,0,0,38,3,16,19,18,11,0,0,74,57,226,380,450,476,231,55,1869,725,1059,909,1001,790,204,26,4711,91,57,84,103,72,32,22,461,4780,7611,7416,8672,6458,1416,227,36578
407,4,0,0,0,0,0,0,4,0,0,0,0,0,0,0,0,5,3,8,8,3,3,0,30,5,7,8,8,3,3,0,34,142,414,832,1308,1603,1069,321,5696,1559,1289,1205,1414,1466,511,92,7534,177,106,127,159,153,88,61,865,9890,11836,13342,16450,13984,4218,882,70596
497,0,0,0,0,0,0,0,0,0,0,0,0,0,0,0,0,0,0,0,0,0,0,0,0,0,0,0,0,0,0,0,0,0,0,0,0,0,0,0,0,0,0,3,13,3,0,0,22,0,0,0,0,0,0,0,0,0,5,13,25,8,0,0,64
499,8,9,0,3,3,0,0,26,3,4,3,3,3,0,0,16,3,3,8,0,5,0,0,19,12,17,12,11,11,3,0,65,31,91,102,113,95,39,8,480,546,753,706,828,844,287,36,4006,66,52,63,70,60,21,18,354,4229,6992,6837,8214,6315,1538,185,34311
501,0,0,0,0,0,0,0,0,3,3,0,0,3,0,0,13,7,3,0,5,3,0,0,20,8,11,3,11,6,0,0,35,79,461,874,1028,1006,642,183,4269,1477,1363,1496,1550,1584,465,63,7998,163,119,144,168,129,77,33,826,9646,12418,15074,16748,12703,3284,536,70419
502,24,9,4,6,4,0,0,41,3,0,0,0,0,0,0,0,0,0,3,0,0,0,0,3,26,11,10,6,4,0,0,45,48,173,309,362,336,172,44,1441,697,554,518,595,506,157,15,3042,54,48,44,49,26,26,12,259,4661,4681,5351,6159,4323,1033,161,26378
503,456,862,719,583,340,44,3,3002,25,49,36,19,7,0,0,140,3,17,14,18,10,0,0,64,484,934,763,619,355,46,3,3205,162,749,1390,1533,1146,647,189,5824,3699,5838,4678,3288,2794,945,101,21348,308,502,406,350,248,107,55,1977,25947,62491,53736,46572,30329,7406,892,227378
504,50,55,25,11,7,0,0,144,5,8,4,0,0,0,0,15,8,3,5,4,5,0,0,20,62,64,28,17,10,0,0,183,120,621,988,1080,832,363,86,4093,2115,1563,1295,1255,1171,427,44,7876,152,177,138,173,105,60,13,814,14428,19406,18271,19482,13462,3385,373,88807
505,151,135,62,58,36,3,0,450,23,8,7,0,0,0,0,32,10,8,3,5,5,0,0,35,181,145,75,68,45,9,0,518,264,1349,2391,2472,1881,851,148,9349,4444,3130,2620,2180,2052,742,72,15237,311,306,235,271,186,78,28,1413,28266,35342,33295,34125,23092,5864,665,160642
506,159,109,90,62,53,7,0,480,25,10,11,6,0,0,0,54,5,15,9,7,3,0,0,46,187,134,116,81,58,7,0,580,219,1127,1720,1770,1551,757,149,7290,3931,3829,3022,2616,2553,880,85,16922,318,416,324,280,223,104,44,1719,28957,46857,42356,40760,28966,7159,740,195786
507,136,100,71,77,46,16,0,435,20,11,8,5,3,0,0,51,3,5,9,8,4,0,0,33,160,111,88,96,50,16,0,519,154,1036,1684,1684,1422,659,126,6768,3905,3286,2751,2456,2136,634,68,15240,289,284,229,268,161,64,31,1329,24922,34150,32426,32551,21531,4996,592,151165
509,0,3,4,0,0,0,0,9,4,0,0,3,0,0,0,7,0,3,6,10,3,3,0,23,6,6,5,10,5,3,0,33,165,551,989,1363,1472,1031,381,5952,807,1047,964,1190,1322,522,79,5935,119,111,119,186,146,75,63,824,6462,9467,10666,13263,11507,3985,902,56235
510,6,10,16,19,3,0,0,57,10,59,40,39,18,0,0,168,6,28,17,4,9,0,0,60,21,98,71,69,29,0,0,284,59,240,257,218,160,86,6,1020,722,3432,3147,2843,1548,195,10,11897,226,539,522,479,287,44,10,2109,5967,21538,19162,16912,9615,1318,106,74614
511,0,4,0,4,4,0,0,13,4,11,20,12,6,0,0,48,0,9,3,10,3,0,0,28,8,29,22,23,12,0,0,88,77,323,532,646,615,317,81,2587,826,1620,1397,1407,1082,309,38,6685,134,265,249,246,170,74,21,1164,7325,13025,12735,13683,9495,2236,335,58839
597,0,0,0,0,0,0,0,0,0,0,0,0,0,0,0,0,0,0,0,0,0,0,0,0,0,0,0,0,0,0,0,0,0,0,0,0,3,0,0,10,3,42,57,56,22,0,0,178,0,18,25,15,8,0,0,72,58,405,453,444,219,14,4,1595
599,20,18,10,10,10,3,0,74,0,8,3,3,0,0,0,17,4,4,12,3,8,3,0,29,22,35,21,18,14,3,0,119,40,157,194,179,117,52,20,766,789,1530,1415,1406,1237,381,50,6808,104,171,165,147,99,31,16,734,7185,13018,11675,11951,8291,2019,229,54379
601,3,4,0,4,0,0,0,12,14,19,20,9,10,0,0,79,4,8,5,13,3,3,0,33,22,28,24,22,19,3,0,118,92,430,864,929,893,538,105,3850,2632,2393,2055,1935,1910,534,56,11516,174,158,123,173,160,57,48,899,14078,20195,21168,22810,17029,3629,453,99359
602,0,0,0,0,0,0,0,0,4,3,0,3,0,0,0,11,0,3,5,7,5,0,0,23,3,7,3,7,5,0,0,35,80,259,463,670,750,431,129,2785,1331,1148,1069,1103,1169,358,44,6218,98,80,76,87,121,54,25,547,8174,9759,10817,13086,10473,2438,385,55131
603,0,0,0,0,0,0,0,0,0,0,0,0,0,0,0,0,0,0,0,4,0,0,0,8,0,0,0,4,0,0,0,9,25,77,188,269,364,217,52,1192,178,175,204,216,231,93,13,1107,21,15,23,23,27,22,16,149,987,1407,1789,2196,2075,672,138,9266
604,0,0,0,0,0,0,0,3,0,0,0,0,0,0,0,4,0,3,0,0,5,0,0,8,0,3,3,4,5,0,0,16,59,212,338,474,564,318,102,2070,1009,921,843,1010,941,239,33,4995,99,77,62,101,91,48,30,514,6369,7393,8249,10430,7946,1716,306,42416
697,0,0,0,0,0,0,0,0,0,0,0,0,0,0,0,0,0,0,0,0,0,0,0,0,0,0,0,0,0,0,0,0,0,0,0,0,0,0,0,0,0,3,3,0,3,0,0,7,0,0,0,0,0,0,0,0,0,9,10,13,12,3,0,55
699,0,0,0,0,0,0,0,0,0,0,0,0,0,0,0,0,0,0,0,4,0,0,0,8,0,0,0,5,3,0,0,11,7,24,28,43,36,5,4,141,119,192,188,263,262,71,11,1111,21,16,14,30,31,17,4,128,1029,1839,1777,2226,1841,369,54,9138
701,4,0,0,3,0,0,0,3,11,25,21,11,6,0,0,78,6,12,16,8,9,0,0,44,23,32,35,17,13,3,0,126,47,266,449,432,363,177,33,1776,1001,1514,1167,933,769,210,17,5610,151,223,144,156,101,34,14,827,9774,19490,16593,14668,9341,2064,196,72120
702,0,4,3,3,0,0,0,13,8,14,16,17,3,0,0,55,0,13,7,7,3,0,0,37,12,26,29,30,6,0,0,100,78,180,196,209,173,94,21,951,341,681,539,551,495,108,14,2719,140,180,141,111,82,21,6,677,4146,8444,7157,7331,5401,1254,134,33860
797,0,0,0,0,0,0,0,0,0,0,0,0,0,0,0,0,0,0,0,0,0,0,0,0,0,0,0,0,0,0,0,0,0,0,0,0,0,0,0,0,0,5,0,5,6,0,0,11,0,0,0,0,0,0,0,3,3,30,18,24,22,3,0,91
799,0,0,0,0,0,0,0,0,0,5,0,0,0,0,0,5,0,0,0,0,0,0,0,0,0,5,0,3,0,0,0,11,9,10,18,26,14,4,3,83,30,103,88,92,105,31,3,445,12,19,10,12,16,9,0,82,373,1013,837,761,546,126,20,3679
801,0,10,12,6,3,0,0,45,43,46,45,31,12,0,0,170,8,30,29,16,12,0,0,92,51,88,79,56,34,0,0,307,322,930,1551,1438,1279,750,166,6436,5106,5420,4279,3110,2613,833,104,21465,286,294,263,234,163,69,50,1349,32752,54877,51950,46795,27483,6119,665,220648
897,0,0,0,0,0,0,0,0,0,0,0,0,0,0,0,0,0,0,0,0,0,0,0,0,0,0,0,0,0,0,0,0,0,0,0,0,0,0,0,0,0,0,0,0,0,0,0,0,0,0,0,0,0,0,0,0,0,0,0,0,0,0,0,0
899,0,0,0,0,0,0,0,0,0,0,0,0,0,0,0,3,0,0,0,0,0,0,0,0,0,0,0,0,0,0,0,12,12,27,32,23,17,7,0,110,196,119,121,103,92,42,5,678,12,12,17,16,6,6,4,67,1256,1681,1424,1278,896,251,32,6819
901,0,0,0,0,0,0,0,0,0,0,3,0,0,0,0,4,0,0,0,0,0,0,0,5,4,0,5,3,0,0,0,11,3,10,25,17,29,14,9,105,13,48,46,53,73,21,3,257,7,9,6,6,11,4,0,46,240,468,562,617,551,220,35,2692
997,0,0,0,0,0,0,0,0,0,0,0,0,0,0,0,0,0,0,0,0,0,0,0,0,0,0,0,0,0,0,0,0,0,0,0,0,0,0,0,0,0,0,0,0,0,0,0,0,0,0,0,0,0,0,0,0,0,0,0,0,0,0,0,0
999,0,0,0,0,0,0,0,0,0,0,0,0,0,0,0,0,0,0,0,0,0,0,0,0,0,0,0,0,0,0,0,0,0,0,4,3,0,3,0,12,3,14,10,11,8,4,0,43,0,0,0,0,0,0,0,3,7,26,23,33,17,4,0,118